{
    "loss": 9.80868148803711,
    "accuracy": 0.5179855823516846
}