{
    "loss": 9.666021347045898,
    "accuracy": 0.5467625856399536
}