{
    "loss": 0.9309379458427429,
    "accuracy": 0.6578242182731628
}