{
    "loss": 9.694109916687012,
    "accuracy": 0.5035971403121948
}